Recipe,File,Width,Height,Status
Chicken fajita wraps,food-4.webp,250,153,Low-resolution preview
"Salmon, rice & greens",salmon.webp,512,512,Existing illustration; ingredient match needs final review
Beef chilli and rice,v522-2-1.webp,117,107,Low-resolution preview
Chicken and vegetable stir-fry,v522-2-2.webp,117,107,Low-resolution preview
Jacket potato with beans and cheese,v522-2-3.webp,117,107,Low-resolution preview
Turkey meatballs and pasta,v522-2-4.webp,117,107,Low-resolution preview
Homemade chickpea curry,v522-2-5.webp,117,107,Low-resolution preview
Lentil bolognese,v523-photo-01.webp,250,195,New matching illustrative image; review before publishing
Halloumi veggie wraps,food-33.webp,165,173,Low-resolution preview
Egg fried rice with vegetables,fried-rice.webp,512,512,Existing illustration; ingredient match needs final review
Tuna pasta salad,v525-recipe-01.webp,640,420,Illustrative preview; visual ingredient match requires approval
Chicken traybake,traybake.webp,512,512,Existing illustration; ingredient match needs final review
Black bean burrito bowls,v525-recipe-02.webp,640,420,Illustrative preview; visual ingredient match requires approval
Honey garlic chicken rice,glazed-chicken.webp,512,512,Existing illustration; ingredient match needs final review
Creamy chicken spinach pasta,creamy-pasta.webp,512,512,Existing illustration; ingredient match needs final review
Beef madras with rice,beef-curry.webp,512,512,Existing illustration; ingredient match needs final review
Garlic lemon salmon,food-29.webp,164,173,Low-resolution preview
Vegetable noodle stir-fry,food-30.webp,165,173,Low-resolution preview
Chicken pesto pasta,food-24.webp,250,153,Low-resolution preview
Sweet potato black bean chilli,v525-recipe-03.webp,640,420,Illustrative preview; visual ingredient match requires approval
Tuna jacket potato,v522-4-4.webp,117,107,Low-resolution preview
Turkey mince tacos,v522-4-5.webp,117,107,Low-resolution preview
Mushroom spinach risotto,v522-4-6.webp,117,107,Low-resolution preview
Sausage bean casserole,v525-recipe-04.webp,640,420,Illustrative preview; visual ingredient match requires approval
Chickpea spinach dhal,v525-recipe-05.webp,640,420,Illustrative preview; visual ingredient match requires approval
Chicken burrito bowl,v525-recipe-06.webp,640,420,Illustrative preview; visual ingredient match requires approval
Baked cod tomato potatoes,v525-recipe-07.webp,640,420,Illustrative preview; visual ingredient match requires approval
Halloumi couscous bowls,batch1-photo-08.webp,296,245,Low-resolution preview
Egg and vegetable frittata,batch1-photo-09.webp,291,245,Low-resolution preview
Beef mince cottage pie,v522-4-1.webp,117,107,Low-resolution preview
Tomato mozzarella pasta,batch1-photo-10.webp,295,245,Low-resolution preview
Greek chicken pitta,v522-4-3.webp,117,107,Low-resolution preview
Peanut vegetable noodles,v525-recipe-08.webp,640,420,Illustrative preview; visual ingredient match requires approval
Irish beef and Guinness stew,celebration-irish-stew.webp,358,174,Low-resolution preview
Irish colcannon with sausages,v522-1-2.webp,117,107,Low-resolution preview
Irish vegetable stew,batch1-photo-07.webp,298,245,Low-resolution preview
Scottish haggis-style lentil neeps and tatties,v522-1-4.webp,117,107,Low-resolution preview
Lunar New Year ginger chicken noodles,v522-1-5.webp,117,107,Low-resolution preview
Easter roast chicken and vegetables,celebration-easter-chicken.webp,512,512,Existing illustration; ingredient match needs final review
Mexican-inspired black bean tacos,celebration-mexican-tacos.webp,250,153,Low-resolution preview
Diwali-inspired chickpea and spinach curry,celebration-diwali-curry.webp,171,110,Low-resolution preview
Eid-inspired chicken and rice pilaf,v525-recipe-09.webp,640,420,Illustrative preview; visual ingredient match requires approval
Christmas turkey and roast potatoes,celebration-christmas-turkey.webp,170,106,Low-resolution preview
Lemon herb chicken and potatoes,batch1-photo-05.webp,295,245,Low-resolution preview
Creamy mushroom chicken,batch1-photo-06.webp,298,245,Low-resolution preview
Spicy turkey chilli,v525-recipe-10.webp,640,420,Illustrative preview; visual ingredient match requires approval
Garlic prawn spaghetti,v523-photo-02.webp,250,195,New matching illustrative image; review before publishing
Sausage and butterbean casserole,v525-recipe-11.webp,640,420,Illustrative preview; visual ingredient match requires approval
Teriyaki salmon rice bowl,v523-photo-03.webp,250,195,New matching illustrative image; review before publishing
Beef and mushroom stroganoff,v523-photo-04.webp,250,195,New matching illustrative image; review before publishing
Roasted vegetable couscous,batch1-photo-01.webp,298,245,Low-resolution preview
Chicken and broccoli noodle soup,batch1-photo-02.webp,298,245,Low-resolution preview
Spinach and ricotta pasta,batch1-photo-03.webp,296,245,Low-resolution preview
Cajun chicken rice skillet,batch1-photo-04.webp,291,245,Low-resolution preview
Slow cooker chicken casserole,chicken-casserole.webp,750,568,Existing illustration; ingredient match needs final review
Turkey meatballs and spaghetti,food-13.webp,250,153,Low-resolution preview
Prawn and pea risotto,v525-recipe-12.webp,640,420,Illustrative preview; visual ingredient match requires approval
Smoky bean and sweet potato bake,v525-recipe-13.webp,640,420,Illustrative preview; visual ingredient match requires approval
Chicken and broccoli noodle bowls,v525-recipe-14.webp,640,420,Illustrative preview; visual ingredient match requires approval
Mediterranean baked chicken,v525-recipe-15.webp,640,420,Illustrative preview; visual ingredient match requires approval
Creamy tomato butter bean pasta,v525-recipe-16.webp,640,420,Illustrative preview; visual ingredient match requires approval
Salmon and potato fishcakes,v525-recipe-17.webp,640,420,Illustrative preview; visual ingredient match requires approval
Chicken tikka yoghurt bowls,v523-photo-05.webp,250,195,New matching illustrative image; review before publishing
Mushroom and lentil shepherds pie,v525-recipe-18.webp,640,420,Illustrative preview; visual ingredient match requires approval
Pork and apple traybake,v525-recipe-19.webp,640,420,Illustrative preview; visual ingredient match requires approval
