Recipe,Image file,Width,Height,Status
Chicken fajita wraps,food-4.webp,250,153,LOW RESOLUTION - replace
"Salmon, rice & greens",salmon.webp,512,512,NEEDS VISUAL APPROVAL
Beef chilli and rice,v522-2-1.webp,117,107,LOW RESOLUTION - replace
Chicken and vegetable stir-fry,v522-2-2.webp,117,107,LOW RESOLUTION - replace
Jacket potato with beans and cheese,v522-2-3.webp,117,107,LOW RESOLUTION - replace
Turkey meatballs and pasta,v522-2-4.webp,117,107,LOW RESOLUTION - replace
Homemade chickpea curry,v522-2-5.webp,117,107,LOW RESOLUTION - replace
Lentil bolognese,,0,0,MISSING PHOTO
Halloumi veggie wraps,food-33.webp,165,173,LOW RESOLUTION - replace
Egg fried rice with vegetables,fried-rice.webp,512,512,NEEDS VISUAL APPROVAL
Tuna pasta salad,,0,0,MISSING PHOTO
Chicken traybake,traybake.webp,512,512,NEEDS VISUAL APPROVAL
Black bean burrito bowls,,0,0,MISSING PHOTO
Honey garlic chicken rice,glazed-chicken.webp,512,512,NEEDS VISUAL APPROVAL
Creamy chicken spinach pasta,creamy-pasta.webp,512,512,NEEDS VISUAL APPROVAL
Beef madras with rice,beef-curry.webp,512,512,NEEDS VISUAL APPROVAL
Garlic lemon salmon,food-29.webp,164,173,LOW RESOLUTION - replace
Vegetable noodle stir-fry,food-30.webp,165,173,LOW RESOLUTION - replace
Chicken pesto pasta,food-24.webp,250,153,LOW RESOLUTION - replace
Sweet potato black bean chilli,,0,0,MISSING PHOTO
Tuna jacket potato,v522-4-4.webp,117,107,LOW RESOLUTION - replace
Turkey mince tacos,v522-4-5.webp,117,107,LOW RESOLUTION - replace
Mushroom spinach risotto,v522-4-6.webp,117,107,LOW RESOLUTION - replace
Sausage bean casserole,,0,0,MISSING PHOTO
Chickpea spinach dhal,,0,0,MISSING PHOTO
Chicken burrito bowl,,0,0,MISSING PHOTO
Baked cod tomato potatoes,,0,0,MISSING PHOTO
Halloumi couscous bowls,v522-3-5.webp,117,107,LOW RESOLUTION - replace
Egg and vegetable frittata,v522-3-6.webp,117,107,LOW RESOLUTION - replace
Beef mince cottage pie,v522-4-1.webp,117,107,LOW RESOLUTION - replace
Tomato mozzarella pasta,v522-4-2.webp,117,107,LOW RESOLUTION - replace
Greek chicken pitta,v522-4-3.webp,117,107,LOW RESOLUTION - replace
Peanut vegetable noodles,,0,0,MISSING PHOTO
Irish beef and Guinness stew,v522-1-1.webp,117,107,LOW RESOLUTION - replace
Irish colcannon with sausages,v522-1-2.webp,117,107,LOW RESOLUTION - replace
Irish vegetable stew,v522-1-3.webp,117,107,LOW RESOLUTION - replace
Scottish haggis-style lentil neeps and tatties,v522-1-4.webp,117,107,LOW RESOLUTION - replace
Lunar New Year ginger chicken noodles,v522-1-5.webp,117,107,LOW RESOLUTION - replace
Easter roast chicken and vegetables,v522-1-6.webp,117,107,LOW RESOLUTION - replace
Mexican-inspired black bean tacos,celebration-mexican-tacos.webp,250,153,LOW RESOLUTION - replace
Diwali-inspired chickpea and spinach curry,celebration-diwali-curry.webp,171,110,LOW RESOLUTION - replace
Eid-inspired chicken and rice pilaf,celebration-eid-pilaf.webp,512,512,NEEDS VISUAL APPROVAL
Christmas turkey and roast potatoes,celebration-christmas-turkey.webp,170,106,LOW RESOLUTION - replace
Lemon herb chicken and potatoes,,0,0,MISSING PHOTO
Creamy mushroom chicken,,0,0,MISSING PHOTO
Spicy turkey chilli,,0,0,MISSING PHOTO
Garlic prawn spaghetti,,0,0,MISSING PHOTO
Sausage and butterbean casserole,,0,0,MISSING PHOTO
Teriyaki salmon rice bowl,,0,0,MISSING PHOTO
Beef and mushroom stroganoff,,0,0,MISSING PHOTO
Roasted vegetable couscous,v522-2-6.webp,117,107,LOW RESOLUTION - replace
Chicken and broccoli noodle soup,v522-3-1.webp,117,107,LOW RESOLUTION - replace
Spinach and ricotta pasta,v522-3-2.webp,117,107,LOW RESOLUTION - replace
Cajun chicken rice skillet,v522-3-3.webp,117,107,LOW RESOLUTION - replace
Slow cooker chicken casserole,v522-3-4.webp,117,107,LOW RESOLUTION - replace
Turkey meatballs and spaghetti,food-13.webp,250,153,LOW RESOLUTION - replace
Prawn and pea risotto,,0,0,MISSING PHOTO
Smoky bean and sweet potato bake,,0,0,MISSING PHOTO
Chicken and broccoli noodle bowls,,0,0,MISSING PHOTO
Mediterranean baked chicken,,0,0,MISSING PHOTO
Creamy tomato butter bean pasta,,0,0,MISSING PHOTO
Salmon and potato fishcakes,,0,0,MISSING PHOTO
Chicken tikka yoghurt bowls,,0,0,MISSING PHOTO
Mushroom and lentil shepherds pie,,0,0,MISSING PHOTO
Pork and apple traybake,,0,0,MISSING PHOTO
