Recipe,Image,Status
Irish beef and Guinness stew,v522-1-1.webp,Generated preview crop; requires final visual approval
Irish colcannon with sausages,v522-1-2.webp,Generated preview crop; requires final visual approval
Irish vegetable stew,v522-1-3.webp,Generated preview crop; requires final visual approval
Scottish haggis-style lentil neeps and tatties,v522-1-4.webp,Generated preview crop; requires final visual approval
Lunar New Year ginger chicken noodles,v522-1-5.webp,Generated preview crop; requires final visual approval
Easter roast chicken and vegetables,v522-1-6.webp,Generated preview crop; requires final visual approval
Beef chilli and rice,v522-2-1.webp,Generated preview crop; requires final visual approval
Chicken and vegetable stir-fry,v522-2-2.webp,Generated preview crop; requires final visual approval
Jacket potato with beans and cheese,v522-2-3.webp,Generated preview crop; requires final visual approval
Turkey meatballs and pasta,v522-2-4.webp,Generated preview crop; requires final visual approval
Homemade chickpea curry,v522-2-5.webp,Generated preview crop; requires final visual approval
Roasted vegetable couscous,v522-2-6.webp,Generated preview crop; requires final visual approval
Chicken and broccoli noodle soup,v522-3-1.webp,Generated preview crop; requires final visual approval
Spinach and ricotta pasta,v522-3-2.webp,Generated preview crop; requires final visual approval
Cajun chicken rice skillet,v522-3-3.webp,Generated preview crop; requires final visual approval
Slow cooker chicken casserole,v522-3-4.webp,Generated preview crop; requires final visual approval
Halloumi couscous bowls,v522-3-5.webp,Generated preview crop; requires final visual approval
Egg and vegetable frittata,v522-3-6.webp,Generated preview crop; requires final visual approval
Beef mince cottage pie,v522-4-1.webp,Generated preview crop; requires final visual approval
Tomato mozzarella pasta,v522-4-2.webp,Generated preview crop; requires final visual approval
Greek chicken pitta,v522-4-3.webp,Generated preview crop; requires final visual approval
Tuna jacket potato,v522-4-4.webp,Generated preview crop; requires final visual approval
Turkey mince tacos,v522-4-5.webp,Generated preview crop; requires final visual approval
Mushroom spinach risotto,v522-4-6.webp,Generated preview crop; requires final visual approval
